{
  "degree": 14,
  "coefficients": [
    1.624791162876118e-32,
    -1.151516552100386e-28,
    3.6101796451041963e-25,
    -6.473167320617029e-22,
    7.007660203592061e-19,
    -4.0199630445168004e-16,
    -2.3723558516222832e-14,
    2.689323284631412e-10,
    -2.65198239391429e-07,
    0.00015134763620122733,
    -0.05746621233869854,
    14.802337128043792,
    -2501.3099128580493,
    251254.23619048268,
    -11402723.782333905
  ],
  "equation": "y = 1.625e-32*x^14 + -1.152e-28*x^13 + 3.610e-25*x^12 + -6.473e-22*x^11 + 7.008e-19*x^10 + -4.020e-16*x^9 + -2.372e-14*x^8 + 2.689e-10*x^7 + -2.652e-07*x^6 + 1.513e-04*x^5 + -5.747e-02*x^4 + 1.480e+01*x^3 + -2.501e+03*x^2 + 2.513e+05*x^1 + -1.140e+07"
}